<?xml version="1.0" encoding="ISO-8859-1"?>
<!-- Skin setup -->
<variables>
	<!-- Inside variables to define elements to load -->
	<add key="ImageTopLeft" value="resources/images/logos/gryphon-black.png"/>
	<add key="Logo" value="resources/images/logos/copyright.png"/>
	<add key="BannerAccommodations" value=""/>
	<add key="BannerServices" value=""/>
	<add key="Favicon" value="resources/images/favicons/favicon.ico"/>
	<add key="bgsound" value=""/>
  	<add key="SoundOnlyAtStartSession" value="true"/>
  	<add key="FolderIcons" value="48"/>
  	<add key="ButtonsWithIcons" value="false"/>
  <!-- Optional variables for replace in CSS file -->
	<add key="BackgroundColorPage" value="#000000"/>
	<add key="BackgroundImage" value=""/>
	<add key="FontColor" value="#ffffff"/>
	<add key="FontFamily" value="verdana"/>
	<add key="FontSize" value="0.8em"/>

	
	<add key="BackgroundImageBox" value=""/>
 	<add key="BackgroundColorBox" value="#0c0c0c"/>
  <add key="BorderColorBox" value="#bbbbbb"/>
  <add key="BackgroundColorButton" value="#181818"/>

  <add key="PointListMenu" value="resources/images/ListStyleImage/1.gif"/>

  <add key="ColorLink" value="#dddddd"/>
  <add key="ColorVisitedLink" value="#bbdddd"/>

  <add key="ColorDark" value="#888888"/>
	<add key="ColorBright" value="#111111"/>

	<add key="Pattern1" value=""/>

	<add key="ParRowColor" value="#151515"/><!-- Back Ground color for par box and box menu-->
	<add key="OddRowColor" value="#050505"/><!-- Back Ground color for unpair box -->
	<add key="QuoteColor" value="#444444"/><!-- Back Ground color for quote -->

	<!-- Border of screen -->
	<add key="BodyMargin" value="10px"/>
	<add key="BodyBorderWidth" value="0px"/>
	<add key="BodyMarginInside" value="0px"/>

  <!-- Rounded element -->
  <add key="RoundedButton" value="8px"/>
  <add key="RoundedMenu" value="16px"/>
  
  <!-- shadow -->
  <!-- <add key="shadow" value="5px 5px 15px #000000"/> -->
  <add key="shadow" value="0 0 0"/>
  
  	<!-- Menu -->
	<add key="BorderMenu" value="2px outset"/>


  
</variables>