<?xml version="1.0" encoding="ISO-8859-1"?>
<!-- Skin setup -->
<variables>
	<!-- Inside variables to define elements to load -->
	<add key="ImageTopLeft" value="resources/images/logos/wc.png"/>
	<add key="Logo" value=""/>
	<add key="BannerServices" value=""/>
	<add key="Favicon" value="resources/images/favicons/favicon.ico"/>
	<add key="bgsound" value=""/>
	<add key="SoundOnlyAtStartSession" value="true"/>
	<add key="FolderIcons" value="48"/>
	<add key="ButtonsWithIcons" value="true"/>
	<!-- Optional variables for replace in CSS file -->
	<add key="BackgroundColorPage" value="#ffffff"/>
	<add key="BackgroundImage" value=""/>
	<add key="BackgroundRepeat" value="repeat"/>
	<add key="FontColor" value="#000000"/>
	<add key="FontFamily" value="verdana"/>
	<add key="FontSize" value="0.9em"/>
	
	<add key="BackgroundImageBox" value=""/>
	<add key="BackgroundColorBox" value="#ffffff"/>
 	<add key="BorderColorBox" value="#747b80"/>
 	<add key="BackgroundColorButton" value="#d1dee5"/>

 	<add key="PointListMenu" value="resources/images/ListStyleImage/3.png"/>

 	<add key="ColorLink" value="#002bb8"/>
	<add key="ColorVisitedLink" value="#5a3696"/>

	<add key="ColorDark" value="#abb6bb"/>
	<add key="ColorBright" value="#d1dee5"/>

	<add key="Pattern1" value=""/>

	<add key="ParRowColor" value="#f1faff"/><!-- Back Ground color for par box and box menu-->
	<add key="OddRowColor" value="#eaf6fd"/><!-- Back Ground color for unpair box -->
	<add key="QuoteColor" value="#ffffff"/><!-- Back Ground color for quote -->

	<!-- Border of screen -->
	<add key="BodyMargin" value="10px"/>
	<add key="BodyBorderWidth" value="0px"/>
	<add key="BodyMarginInside" value="0px"/>

	<!-- Rounded element -->
	<add key="RoundedButton" value="8px"/>
 	<add key="RoundedMenu" value="16px"/>

	<!-- shadow -->
	<!-- <add key="shadow" value="5px 5px 15px #000000"/> -->
	<add key="shadow" value="0 0 0"/>

	<!-- Menu -->
	<add key="BorderMenu" value="2px outset"/>

</variables>
