<?xml version="1.0" encoding="ISO-8859-1"?>
<!-- Skin setup -->
<variables>
	<!-- Inside variables to define elements to load -->
	<add key="ImageTopLeft" value="resources/images/logos/GulpLogoLittle.png"/>
	<add key="Logo" value="resources/images/logos/logo.gif"/>
	<add key="BannerAccommodations" value=""/>
	<add key="BannerServices" value=""/>
	<add key="Favicon" value="resources/images/favicons/favicon.ico"/>
	<add key="bgsound" value=""/>
  	<add key="SoundOnlyAtStartSession" value="true"/>
  	<add key="FolderIcons" value="48"/>
  	<add key="ButtonsWithIcons" value="false"/>
  <!-- Optional variables for replace in CSS file -->
	<add key="BackgroundColorPage" value="#ffffff"/>
	<add key="BackgroundImage" value=""/>
	<add key="FontColor" value="#000000"/>
	<add key="FontFamily" value="verdana"/>
	<add key="FontSize" value="0.8em"/>

	
	<add key="BackgroundImageBox" value=""/>
 	<add key="BackgroundColorBox" value="#ffffff"/>
  <add key="BorderColorBox" value="#dad9c8"/>
  <add key="BackgroundColorButton" value="#fffddf"/>

  <add key="PointListMenu" value="resources/images/ListStyleImage/1.gif"/>

  <add key="ColorLink" value="#0054a6"/>
  <add key="ColorVisitedLink" value="#0054a6"/>

  <add key="ColorDark" value="#89b181"/>
	<add key="ColorBright" value="#c4fdb8"/>

	<add key="Pattern1" value=""/>

	<add key="ParRowColor" value="#edfcea"/><!-- Back Ground color for par box and box menu-->
	<add key="OddRowColor" value="#fbebeb"/><!-- Back Ground color for unpair box -->
	<add key="QuoteColor" value="#ffffff"/><!-- Back Ground color for quote -->

	<!-- Border of screen -->
	<add key="BodyMargin" value="10px"/>
	<add key="BodyBorderWidth" value="0px"/>
	<add key="BodyMarginInside" value="0px"/>

  <!-- Rounded element -->
  <add key="RoundedButton" value="8px"/>
  <add key="RoundedMenu" value="16px"/>
  
  <!-- shadow -->
  <add key="shadow" value="5px 5px 15px #000000"/>
  
  	<!-- Menu -->
	<add key="BorderMenu" value="2px outset"/>



</variables>
