<?xml version="1.0" encoding="utf-8"?>
<!-- Skin setup -->
<variables>
	<!-- Inside variables to define elements to load -->
	<add key="ImageTopLeft" value=""/>
	<add key="Logo" value="resources/images/logos/help desk.png"/>
	<add key="BannerAccommodations" value=""/>
	<add key="BannerServices" value=""/>
	<add key="Favicon" value="resources/images/favicons/info.ico"/>
	<add key="bgsound" value=""/>
	<add key="SoundOnlyAtStartSession" value="true"/>
	<add key="FolderIcons" value="32"/>
	<add key="ButtonsWithIcons" value="true"/>
	<!-- Optional variables for replace in CSS file -->
	<add key="BackgroundColorPage" value="#FFFFFF"/>
	<add key="BackgroundImage" value="resources/images/backgrounds/atom.png"/>
	<add key="BackgroundRepeat" value="repeat"/>
	<add key="FontColor" value="#000000"/>
	<add key="FontFamily" value="'Arial Narrow', sans-serif"/>
	<add key="FontSize" value="1.0em"/>
	
	<!-- START Set Font (need style fonts button and title.child.css) -->
	<add key="FontTitle" value="'Segoe UI Light','Segoe UI',Tahoma,Arial,Helvetica,sans-serif"/>
	<add key="FontButton" value="'Segoe UI Light','Segoe UI',Tahoma,Arial,Helvetica,sans-serif"/>
	<add key="FontButtonSize" value="0.8em"/>
	<add key="FontMenuSize" value="1.2em"/>
	<!-- END Set Font -->

	<add key="BackgroundImageBox" value="resources/images/backgrounds/vertical streak soft.png"/>
 	<add key="BackgroundColorBox" value="#F4F4F4"/>
  <add key="BorderColorBox" value="#F4F4F4"/>
  <add key="BackgroundColorButton" value="#C7C7C7"/>

  <add key="PointListMenu" value="resources/images/ListStyleImage/Right Arrow.png"/>

  <add key="ColorLink" value="#000000"/>
  <add key="ColorVisitedLink" value="#000000"/>

  <add key="ColorDark" value="#535353"/>
	<add key="ColorBright" value="#C7C7C7"/>

	<add key="Pattern1" value=""/>

	<add key="ParRowColor" value="#E0FFFF"/><!-- Back Ground color for par box and box menu-->
	<add key="OddRowColor" value="#FFE0FF"/><!-- Back Ground color for unpair box -->
	<add key="QuoteColor" value="#FFFFE0"/><!-- Back Ground color for quote -->

	<!-- Border of screen -->
	<add key="BodyMargin" value="10px"/>
	<add key="BodyBorderWidth" value="0px"/>
	<add key="BodyMarginInside" value="0px"/>

	<!-- Rounded element -->
	<!-- <add key="RoundedButton" value="32px"/> -->
	<add key="RoundedMenu" value="8px"/>
  
	<!-- Shadow -->
	<!-- <add key="Shadow" value="5px 5px 15px #000000"/> -->
	<add key="Shadow" value="0 0 0"/>

	<!-- Menu -->
	<add key="BorderMenu" value="2px outset"/> 
</variables>