<?xml version="1.0" encoding="ISO-8859-1"?>
<!-- Skin setup -->
<variables>
	<!-- Inside variables to define elements to load -->
	<add key="ImageTopLeft" value="resources/images/logos/gryphon-white.png"/>
	<add key="Logo" value=""/>
	<add key="BannerAccommodations" value=""/>
	<add key="BannerServices" value=""/>
	<add key="Favicon" value="resources/images/favicons/favicon.ico"/>
	<add key="bgsound" value=""/>
  <add key="SoundOnlyAtStartSession" value="true"/>
  <add key="FolderIcons" value="32"/>
  <add key="ButtonsWithIcons" value="true"/>
	<!-- Optional variables for replace in CSS file -->
	<add key="BackgroundColorPage" value="#ffffff"/>
	<add key="BackgroundImage" value=""/>
	<add key="BackgroundRepeat" value="repeat"/>
	<add key="FontColor" value="#000000"/>
	<add key="FontFamily" value="Times New Roman"/>
	<add key="FontSize" value="0.9em"/>

	<!-- START Font personalizations (need style "font Title.child.css") -->
	<add key="FontTitle" value="Kingthings Spikeless"/>
	<!-- END Font personalizations -->


	<add key="BackgroundImageBox" value=""/>
  <add key="BackgroundColorBox" value="#f3f3f3"/>
 	<add key="BorderColorBox" value="#444444"/>
 	<add key="BackgroundColorButton" value="#d8d8d8"/>

  <add key="PointListMenu" value="resources/images/ListStyleImage/3.png"/>

  <add key="ColorLink" value="#222222"/>
	<add key="ColorVisitedLink" value="#442222"/>

	<add key="ColorDark" value="#888888"/>
	<add key="ColorBright" value="#eeeeee"/>

	<add key="Pattern1" value=""/>

	<add key="ParRowColor" value="#eeeeee"/><!-- Back Ground color for par box and box menu-->
	<add key="OddRowColor" value="#fafafa"/><!-- Back Ground color for unpair box -->
	<add key="QuoteColor" value="#ffffff"/><!-- Back Ground color for quote -->

	<!-- Border of screen -->
	<add key="BodyMargin" value="10px"/>
	<add key="BodyBorderWidth" value="0px"/>
	<add key="BodyMarginInside" value="0px"/>

  <!-- Rounded element -->
  <add key="RoundedButton" value="8px"/>
  <add key="RoundedMenu" value="16px"/>

  <!-- shadow -->
  <!-- <add key="shadow" value="5px 5px 15px #000000"/> -->
	<add key="shadow" value="5px 5px 15px #555"/>

	<!-- Menu -->
	<add key="BorderMenu" value="2px outset"/>
	


</variables>
