<?xml version="1.0" encoding="ISO-8859-1"?>
<!-- Skin setup -->
<variables>
	<!-- Inside variables to define elements to load -->
	<add key="ImageTopLeft" value="resources/images/logos/pugno.gif"/>
  <add key="Logo" value="resources/flash/Russian_Dancing_Men.swf?width=320&amp;height=180"/>
  <add key="BannerAccommodations" value=""/>
	<add key="BannerServices" value=""/>
	<add key="Favicon" value="resources/images/favicons/favicon5.ico"/>
	<add key="bgsound" value=""/>
  <add key="SoundOnlyAtStartSession" value="true"/>
  <add key="FolderIcons" value="48"/>
  <add key="ButtonsWithIcons" value="false"/>

  <!-- Optional variables for replace in CSS file -->
	<add key="BackgroundColorPage" value="#b11915"/>
	<add key="BackgroundImage" value="resources/images/backgrounds/pattern1.gif"/>
	<add key="FontColor" value="#ecdaaa"/>
  <add key="FontFamily" value="HVD_Poster_Clean"/>
  <add key="FontSize" value="1em"/>
  
  <!-- START Font personalizations (need style fonts.child.css) -->
  <add key="Font1" value="HVD_Poster_Clean"/>
  <add key="Font2" value="KyrillaSansSerif-Bold"/>
  <add key="ButtonsFontSize" value="1.2em"/>
	<add key="MenuFontSize" value="1.2em"/>
	<!-- END Font personalizations -->

  <add key="BackgroundImageBox" value="resources/images/backgrounds/pattern2.gif"/>
 	<add key="BackgroundColorBox" value="#d9b574"/>
  <add key="BorderColorBox" value="#000000"/>
  <add key="BackgroundColorButton" value="#181818"/>

  <add key="PointListMenu" value="resources/images/ListStyleImage/2.gif"/>

  <add key="ColorLink" value="#ffefd9"/>
  <add key="ColorVisitedLink" value="#ffefd9"/>

  <add key="ColorDark" value="#d8b170"/>
	<add key="ColorBright" value="#000000"/>

	<add key="Pattern1" value=""/>

	<add key="ParRowColor" value="#151515"/><!-- Back Ground color for par box and box menu-->
	<add key="OddRowColor" value="#050505"/><!-- Back Ground color for unpair box -->
	<add key="QuoteColor" value="#444444"/><!-- Back Ground color for quote -->

	<!-- Border of screen -->
	<add key="BodyMargin" value="10px"/>
	<add key="BodyBorderWidth" value="0px"/>
	<add key="BodyMarginInside" value="0px"/>

  <!-- Rounded element -->
  <add key="RoundedButton" value="8px"/>
  <add key="RoundedMenu" value="16px"/>
  
  <!-- shadow -->
  <add key="shadow" value="5px 5px 15px #000000"/>
  
	<!-- Menu -->
	<add key="BorderMenu" value="2px outset"/>



</variables>