<?xml version="1.0" encoding="ISO-8859-1"?>
<!-- Skin setup -->
<variables>
	<!-- Inside variables to define elements to load -->
	<add key="ImageTopLeft" value=""/>
	<add key="Logo" value="resources/images/logos/web3.gif"/>
	<add key="BannerAccommodations" value=""/>
	<add key="BannerServices" value=""/>
	<add key="Favicon" value="resources/images/favicons/3.0.ico"/>
	<add key="bgsound" value=""/>
  <add key="SoundOnlyAtStartSession" value="true"/>
 	<add key="FolderIcons" value="48"/>
 	<add key="ButtonsWithIcons" value="false"/>
  <!-- Optional variables for replace in CSS file -->
	<add key="BackgroundColorPage" value="#ffffff"/>
	<add key="BackgroundImage" value=""/>
 	<add key="BackgroundRepeat" value="repeat"/>
  	<add key="FontColor" value="#000000"/>
	<add key="FontFamily" value="verdana"/>
	<add key="FontSize" value="0.8em"/>

	<!-- START Font personalizations (need style fonts.child.css) -->
	<add key="Font1" value="LaBouf"/>
	<add key="Font2" value="Moltorv2"/>
	<add key="ButtonsFontSize" value="1.4em"/>
	<add key="MenuFontSize" value="1.4em"/>
	<!-- END Font personalizations -->

	<add key="BackgroundImageBox" value="resources/images/backgrounds/wall2.jpg"/>
 	<add key="BackgroundColorBox" value="#ffffff"/>
 	<add key="BorderColorBox" value="#6f8f68"/>
 	<add key="BackgroundColorButton" value="#bdf2b1"/>
	
	<add key="PointListMenu" value="resources/images/ListStyleImage/star.png"/>
	
	<add key="ColorLink" value="#a42018"/>
	<add key="ColorVisitedLink" value="#b81706"/>

	<add key="ColorDark" value="#43655c"/>
	<add key="ColorBright" value="#c4fdb8"/>

	<add key="Pattern1" value=""/>

	<add key="ParRowColor" value="#edfcea"/><!-- Back Ground color for par box and box menu-->
	<add key="OddRowColor" value="#fbebeb"/><!-- Back Ground color for unpair box -->
	<add key="QuoteColor" value="#ffffff"/><!-- Back Ground color for quote -->

	<!-- Border of screen -->
	<add key="BodyMargin" value="10px"/>
	<add key="BodyBorderWidth" value="0px"/>
	<add key="BodyMarginInside" value="0px"/>

  <!-- Rounded element -->
  <add key="RoundedButton" value="8px"/>
  <add key="RoundedMenu" value="16px"/>
  
  <!-- shadow -->
  <add key="shadow" value="5px 5px 15px #000000"/>
  
  	<!-- Menu -->
	<add key="BorderMenu" value="2px outset"/>




</variables>
