<?xml version="1.0" encoding="ISO-8859-1"?>
<!-- Skin setup -->
<variables>
	<!-- Inside variables to define elements to load -->
	<add key="ImageTopLeft" value="resources/images/logos/wordpress.png"/>
	<add key="Logo" value="resources/images/logos/copyright.png"/>
	<add key="BannerAccommodations" value=""/>
	<add key="BannerServices" value=""/>
	<add key="Favicon" value="resources/images/favicons/favicon.ico"/>
	<add key="bgsound" value=""/>
  	<add key="SoundOnlyAtStartSession" value="true"/>
  	<add key="FolderIcons" value="48"/>
  	<add key="ButtonsWithIcons" value="false"/>
  <!-- Optional variables for replace in CSS file -->
	<add key="BackgroundColorPage" value="#ffffff"/>
	<add key="BackgroundImage" value=""/>
	<add key="BackgroundRepeat" value="repeat-x"/>
	<add key="FontColor" value="#000000"/>
	<add key="FontFamily" value="Verdana"/>
	<add key="FontSize" value="1em"/>
	
	<add key="BackgroundImageBox" value="resources/images/backgrounds/Papir.jpg"/>
 	<add key="BackgroundColorBox" value="#ffffff"/>
  <add key="BorderColorBox" value="#bbbbbb"/>
  <add key="BackgroundColorButton" value="#fff700"/>

  <add key="PointListMenu" value="resources/images/ListStyleImage/1.gif"/>

  <add key="ColorLink" value="#aa0000"/>
  <add key="ColorVisitedLink" value="#aa3333"/>

  <add key="ColorDark" value="#f20013"/>
	<add key="ColorBright" value="#fbff4c"/>

	<add key="Pattern1" value=""/>

	<add key="ParRowColor" value="#ffccd0"/><!-- Back Ground color for par box and box menu-->
	<add key="OddRowColor" value="#fffdcc"/><!-- Back Ground color for unpair box -->
	<add key="QuoteColor" value="#eeeeee"/><!-- Back Ground color for quote -->

	<!-- Border of screen -->
	<add key="BodyMargin" value="10px"/>
	<add key="BodyBorderWidth" value="0px"/>
	<add key="BodyMarginInside" value="0px"/>

  <!-- Rounded element -->
  <add key="RoundedButton" value="0px"/>
  <add key="RoundedMenu" value="16px"/>
  
  <!-- shadow -->
  <!-- <add key="shadow" value="5px 5px 15px #000000"/> -->
  <add key="shadow" value="5px 5px 15px #000000"/>
  
  	<!-- Menu -->
	<add key="BorderMenu" value="2px outset"/>


  
</variables>